"","dictionary"
"1","aaron"
"2","aback"
"3","abaft"
"4","abase"
"5","abash"
"6","abate"
"7","abbey"
"8","abbot"
"9","abeam"
"10","abele"
"11","abets"
"12","abhor"
"13","abide"
"14","abies"
"15","abler"
"16","abode"
"17","abomb"
"18","abort"
"19","about"
"20","above"
"21","abuse"
"22","abuzz"
"23","abyss"
"24","accra"
"25","acers"
"26","ached"
"27","aches"
"28","acids"
"29","acorn"
"30","acres"
"31","acrid"
"32","acted"
"33","actor"
"34","acute"
"35","adage"
"36","adapt"
"37","added"
"38","adder"
"39","addle"
"40","adept"
"41","adhoc"
"42","adieu"
"43","adios"
"44","adlib"
"45","adman"
"46","admen"
"47","admin"
"48","admit"
"49","admix"
"50","adobe"
"51","adopt"
"52","adore"
"53","adorn"
"54","adult"
"55","aegis"
"56","aeons"
"57","aesop"
"58","affix"
"59","afire"
"60","afoot"
"61","afros"
"62","after"
"63","again"
"64","agape"
"65","agave"
"66","agent"
"67","agile"
"68","aging"
"69","aglow"
"70","agony"
"71","agora"
"72","agree"
"73","ahead"
"74","aided"
"75","aider"
"76","aides"
"77","aimed"
"78","aimer"
"79","aired"
"80","aisle"
"81","alack"
"82","alarm"
"83","album"
"84","alder"
"85","alert"
"86","algae"
"87","algal"
"88","alias"
"89","alibi"
"90","alien"
"91","align"
"92","alike"
"93","aline"
"94","alive"
"95","alkyl"
"96","allay"
"97","alley"
"98","allot"
"99","allow"
"100","alloy"
"101","aloes"
"102","aloft"
"103","aloha"
"104","alone"
"105","along"
"106","aloof"
"107","aloud"
"108","alpha"
"109","altar"
"110","alter"
"111","amass"
"112","amaze"
"113","amber"
"114","ambit"
"115","amble"
"116","amend"
"117","amens"
"118","amide"
"119","amigo"
"120","amine"
"121","amino"
"122","amiss"
"123","amity"
"124","amman"
"125","among"
"126","amour"
"127","ample"
"128","amply"
"129","amuck"
"130","amuse"
"131","andes"
"132","angel"
"133","anger"
"134","angle"
"135","angry"
"136","angst"
"137","anion"
"138","anise"
"139","ankle"
"140","annal"
"141","annex"
"142","annoy"
"143","annul"
"144","anode"
"145","antic"
"146","anvil"
"147","aorta"
"148","apace"
"149","apart"
"150","apery"
"151","aphid"
"152","apian"
"153","aping"
"154","apish"
"155","apnea"
"156","appal"
"157","apple"
"158","apply"
"159","appro"
"160","april"
"161","apron"
"162","apses"
"163","apsis"
"164","aptly"
"165","arabs"
"166","araks"
"167","arbor"
"168","arced"
"169","areal"
"170","areas"
"171","arena"
"172","arent"
"173","argon"
"174","argot"
"175","argue"
"176","argus"
"177","arias"
"178","arise"
"179","armed"
"180","aroma"
"181","arose"
"182","array"
"183","arrow"
"184","arson"
"185","ashen"
"186","ashes"
"187","asian"
"188","aside"
"189","asked"
"190","askew"
"191","aspic"
"192","assay"
"193","asses"
"194","asset"
"195","aster"
"196","astir"
"197","aswan"
"198","atlas"
"199","atoll"
"200","atoms"
"201","atone"
"202","attic"
"203","audio"
"204","audit"
"205","auger"
"206","augur"
"207","aunts"
"208","aural"
"209","auras"
"210","auric"
"211","avail"
"212","avens"
"213","avers"
"214","avert"
"215","avian"
"216","avoid"
"217","await"
"218","awake"
"219","award"
"220","aware"
"221","awash"
"222","awful"
"223","awoke"
"224","axial"
"225","axing"
"226","axiom"
"227","axles"
"228","axons"
"229","aztec"
"230","azure"
"231","babas"
"232","babel"
"233","babes"
"234","backs"
"235","bacon"
"236","baddy"
"237","bader"
"238","badge"
"239","badly"
"240","baggy"
"241","bails"
"242","baits"
"243","baked"
"244","baker"
"245","bakes"
"246","baldy"
"247","baled"
"248","bales"
"249","balls"
"250","balms"
"251","balmy"
"252","balsa"
"253","banal"
"254","bands"
"255","bangs"
"256","banjo"
"257","banks"
"258","banns"
"259","barbs"
"260","bards"
"261","bared"
"262","barer"
"263","bares"
"264","barge"
"265","barks"
"266","barky"
"267","barns"
"268","baron"
"269","barre"
"270","basal"
"271","based"
"272","baser"
"273","bases"
"274","basic"
"275","basil"
"276","basin"
"277","basis"
"278","basks"
"279","baste"
"280","batch"
"281","bated"
"282","bates"
"283","bathe"
"284","baths"
"285","batik"
"286","baton"
"287","batty"
"288","baulk"
"289","bawdy"
"290","bawls"
"291","bayed"
"292","beach"
"293","beads"
"294","beady"
"295","beaks"
"296","beams"
"297","beamy"
"298","beans"
"299","beany"
"300","beard"
"301","bears"
"302","beast"
"303","beats"
"304","beaus"
"305","beaux"
"306","bebop"
"307","becks"
"308","beech"
"309","beefs"
"310","beefy"
"311","beeps"
"312","beers"
"313","beery"
"314","beets"
"315","befit"
"316","befog"
"317","began"
"318","begat"
"319","beget"
"320","begin"
"321","begot"
"322","begun"
"323","beige"
"324","being"
"325","belay"
"326","belch"
"327","belie"
"328","belle"
"329","bells"
"330","belly"
"331","below"
"332","belts"
"333","bench"
"334","bends"
"335","beret"
"336","bergs"
"337","berry"
"338","berth"
"339","beryl"
"340","beset"
"341","besot"
"342","bests"
"343","betel"
"344","bevel"
"345","bevvy"
"346","bible"
"347","bided"
"348","bides"
"349","bidet"
"350","bigot"
"351","bijou"
"352","biker"
"353","bikes"
"354","biles"
"355","bilge"
"356","bills"
"357","billy"
"358","bimbo"
"359","binds"
"360","binge"
"361","bingo"
"362","biota"
"363","biped"
"364","birch"
"365","birds"
"366","birth"
"367","bison"
"368","bitch"
"369","biter"
"370","bites"
"371","bitts"
"372","bitty"
"373","blabs"
"374","black"
"375","blade"
"376","blame"
"377","bland"
"378","blank"
"379","blare"
"380","blase"
"381","blast"
"382","blaze"
"383","bleak"
"384","bleat"
"385","bleed"
"386","bleep"
"387","blend"
"388","bless"
"389","blimp"
"390","blind"
"391","blink"
"392","blips"
"393","bliss"
"394","blitz"
"395","bloat"
"396","blobs"
"397","block"
"398","blocs"
"399","bloke"
"400","blond"
"401","blood"
"402","bloom"
"403","blots"
"404","blown"
"405","blows"
"406","bluer"
"407","blues"
"408","bluff"
"409","blunt"
"410","blurb"
"411","blurs"
"412","blurt"
"413","blush"
"414","board"
"415","boars"
"416","boast"
"417","boats"
"418","bobby"
"419","boded"
"420","bodes"
"421","boers"
"422","bogey"
"423","boggy"
"424","bogus"
"425","boils"
"426","bolts"
"427","bombs"
"428","bonds"
"429","boned"
"430","bones"
"431","boney"
"432","bongs"
"433","bonny"
"434","bonus"
"435","booby"
"436","booed"
"437","books"
"438","booms"
"439","boons"
"440","boors"
"441","boost"
"442","booth"
"443","boots"
"444","booty"
"445","booze"
"446","borax"
"447","bored"
"448","borer"
"449","bores"
"450","borne"
"451","boron"
"452","bosom"
"453","boson"
"454","bossy"
"455","bosun"
"456","botch"
"457","bothy"
"458","bough"
"459","bound"
"460","bouts"
"461","bowed"
"462","bowel"
"463","bower"
"464","bowie"
"465","bowls"
"466","boxed"
"467","boxer"
"468","boxes"
"469","brace"
"470","brags"
"471","braid"
"472","brail"
"473","brain"
"474","brake"
"475","brand"
"476","brans"
"477","brash"
"478","brass"
"479","brats"
"480","brave"
"481","bravo"
"482","brawl"
"483","brawn"
"484","brays"
"485","braze"
"486","bread"
"487","break"
"488","bream"
"489","breed"
"490","brews"
"491","briar"
"492","bribe"
"493","brick"
"494","bride"
"495","brief"
"496","brims"
"497","brine"
"498","bring"
"499","brink"
"500","briny"
"501","brisk"
"502","broad"
"503","broil"
"504","broke"
"505","brood"
"506","brook"
"507","broom"
"508","broth"
"509","brown"
"510","brows"
"511","brunt"
"512","brush"
"513","brute"
"514","bucks"
"515","buddy"
"516","budge"
"517","buffs"
"518","buggy"
"519","bugle"
"520","build"
"521","built"
"522","bulbs"
"523","bulge"
"524","bulgy"
"525","bulks"
"526","bulky"
"527","bulls"
"528","bully"
"529","bumps"
"530","bumpy"
"531","bunch"
"532","bunks"
"533","bunny"
"534","buoys"
"535","burly"
"536","burma"
"537","burns"
"538","burnt"
"539","burps"
"540","burst"
"541","buses"
"542","bushy"
"543","busts"
"544","busty"
"545","butts"
"546","buxom"
"547","buyer"
"548","bylaw"
"549","bytes"
"550","byway"
"551","cabal"
"552","cabby"
"553","cabin"
"554","cable"
"555","cacao"
"556","cache"
"557","cacti"
"558","caddy"
"559","cadet"
"560","cadge"
"561","cafes"
"562","caged"
"563","cages"
"564","cagey"
"565","cairn"
"566","cairo"
"567","caked"
"568","cakes"
"569","calif"
"570","calls"
"571","calms"
"572","calve"
"573","camel"
"574","cameo"
"575","camps"
"576","canal"
"577","candy"
"578","caned"
"579","canes"
"580","canny"
"581","canoe"
"582","canon"
"583","caped"
"584","caper"
"585","capes"
"586","capri"
"587","carat"
"588","cards"
"589","cared"
"590","carer"
"591","cares"
"592","cargo"
"593","carol"
"594","carps"
"595","carry"
"596","carts"
"597","carve"
"598","cased"
"599","cases"
"600","casks"
"601","caste"
"602","casts"
"603","catch"
"604","cater"
"605","cause"
"606","caved"
"607","caver"
"608","caves"
"609","cease"
"610","cedar"
"611","ceded"
"612","celeb"
"613","cello"
"614","cells"
"615","cents"
"616","ceres"
"617","chafe"
"618","chaff"
"619","chain"
"620","chair"
"621","chalk"
"622","champ"
"623","chant"
"624","chaos"
"625","chaps"
"626","charm"
"627","chars"
"628","chart"
"629","chary"
"630","chase"
"631","chasm"
"632","chats"
"633","cheap"
"634","cheat"
"635","check"
"636","cheek"
"637","cheep"
"638","cheer"
"639","chefs"
"640","chess"
"641","chest"
"642","chews"
"643","chewy"
"644","chick"
"645","chide"
"646","chief"
"647","child"
"648","chili"
"649","chill"
"650","chime"
"651","chimp"
"652","china"
"653","chink"
"654","chins"
"655","chips"
"656","chirp"
"657","chits"
"658","chock"
"659","choir"
"660","choke"
"661","chomp"
"662","chops"
"663","chord"
"664","chore"
"665","chose"
"666","chuck"
"667","chuff"
"668","chugs"
"669","chump"
"670","chums"
"671","chunk"
"672","churn"
"673","chute"
"674","cider"
"675","cigar"
"676","cilia"
"677","cinch"
"678","circa"
"679","cited"
"680","cites"
"681","civic"
"682","civil"
"683","claim"
"684","clamp"
"685","clams"
"686","clang"
"687","clank"
"688","clans"
"689","claps"
"690","clash"
"691","clasp"
"692","class"
"693","claws"
"694","clays"
"695","clean"
"696","clear"
"697","cleat"
"698","cleft"
"699","clerk"
"700","click"
"701","cliff"
"702","climb"
"703","cling"
"704","clink"
"705","clips"
"706","cloak"
"707","clock"
"708","clods"
"709","clogs"
"710","clone"
"711","close"
"712","cloth"
"713","clots"
"714","cloud"
"715","clout"
"716","clove"
"717","clown"
"718","clubs"
"719","cluck"
"720","clued"
"721","clues"
"722","clump"
"723","clung"
"724","coach"
"725","coals"
"726","coast"
"727","coats"
"728","coble"
"729","cobra"
"730","cocks"
"731","cocky"
"732","cocoa"
"733","coded"
"734","coder"
"735","codes"
"736","codex"
"737","coils"
"738","coins"
"739","colas"
"740","colds"
"741","colon"
"742","colts"
"743","comas"
"744","combs"
"745","comer"
"746","comes"
"747","comet"
"748","comfy"
"749","comic"
"750","comma"
"751","coned"
"752","cones"
"753","conga"
"754","congo"
"755","conic"
"756","cooed"
"757","cooks"
"758","cools"
"759","coons"
"760","coops"
"761","coped"
"762","copes"
"763","copra"
"764","copse"
"765","coral"
"766","cords"
"767","cores"
"768","corgi"
"769","corks"
"770","corky"
"771","corns"
"772","corny"
"773","corps"
"774","corse"
"775","costs"
"776","couch"
"777","cough"
"778","could"
"779","count"
"780","coupe"
"781","coups"
"782","court"
"783","coven"
"784","cover"
"785","coves"
"786","covet"
"787","cowed"
"788","cower"
"789","coxed"
"790","coxes"
"791","coyly"
"792","crabs"
"793","crack"
"794","craft"
"795","crags"
"796","cramp"
"797","crams"
"798","crane"
"799","crank"
"800","crash"
"801","crass"
"802","crate"
"803","crave"
"804","crawl"
"805","craws"
"806","craze"
"807","crazy"
"808","creak"
"809","cream"
"810","credo"
"811","creed"
"812","creek"
"813","creel"
"814","creep"
"815","creme"
"816","crepe"
"817","crept"
"818","cress"
"819","crest"
"820","crete"
"821","crews"
"822","cribs"
"823","crick"
"824","cried"
"825","crier"
"826","cries"
"827","crime"
"828","crimp"
"829","crisp"
"830","croak"
"831","crock"
"832","croft"
"833","crone"
"834","crony"
"835","crook"
"836","croon"
"837","crops"
"838","cross"
"839","cross"
"840","croup"
"841","crowd"
"842","crown"
"843","crows"
"844","crude"
"845","cruel"
"846","crumb"
"847","crush"
"848","crust"
"849","crypt"
"850","cuban"
"851","cubed"
"852","cubes"
"853","cubic"
"854","cubit"
"855","cuffs"
"856","cuing"
"857","culls"
"858","cults"
"859","cupid"
"860","curbs"
"861","curds"
"862","cured"
"863","curer"
"864","cures"
"865","curia"
"866","curie"
"867","curio"
"868","curls"
"869","curly"
"870","curry"
"871","curse"
"872","curve"
"873","curvy"
"874","cusps"
"875","cycad"
"876","cycle"
"877","cynic"
"878","cysts"
"879","czars"
"880","czech"
"881","dacha"
"882","daddy"
"883","daffy"
"884","dagga"
"885","daily"
"886","dairy"
"887","daisy"
"888","dakar"
"889","dales"
"890","dally"
"891","dames"
"892","damns"
"893","damps"
"894","dance"
"895","dandy"
"896","danes"
"897","dante"
"898","dared"
"899","dares"
"900","darns"
"901","darts"
"902","dated"
"903","dates"
"904","datum"
"905","daunt"
"906","david"
"907","dawns"
"908","dazed"
"909","deals"
"910","dealt"
"911","deans"
"912","dears"
"913","deary"
"914","death"
"915","debar"
"916","debit"
"917","debts"
"918","debug"
"919","debut"
"920","decaf"
"921","decay"
"922","decks"
"923","decor"
"924","decoy"
"925","decry"
"926","deeds"
"927","deems"
"928","deeps"
"929","defer"
"930","degas"
"931","deify"
"932","deism"
"933","deist"
"934","deity"
"935","delay"
"936","delhi"
"937","dells"
"938","delta"
"939","delve"
"940","demon"
"941","demur"
"942","denim"
"943","dense"
"944","dents"
"945","depot"
"946","depth"
"947","derby"
"948","desks"
"949","deter"
"950","detox"
"951","deuce"
"952","devil"
"953","dials"
"954","diana"
"955","diary"
"956","diced"
"957","dices"
"958","dicey"
"959","didnt"
"960","diets"
"961","digit"
"962","dikes"
"963","dildo"
"964","dilly"
"965","dimer"
"966","dimes"
"967","dimly"
"968","dinar"
"969","dined"
"970","diner"
"971","dines"
"972","dingo"
"973","dingy"
"974","dinky"
"975","dints"
"976","diode"
"977","dirge"
"978","dirts"
"979","dirty"
"980","disco"
"981","discs"
"982","dishy"
"983","ditch"
"984","ditto"
"985","ditty"
"986","divan"
"987","divas"
"988","dived"
"989","diver"
"990","dives"
"991","divot"
"992","dizzy"
"993","docks"
"994","dodge"
"995","dodgy"
"996","doers"
"997","doges"
"998","doggy"
"999","dogma"
"1000","doily"
"1001","doing"
"1002","doled"
"1003","doles"
"1004","dolls"
"1005","dolly"
"1006","domed"
"1007","domes"
"1008","donga"
"1009","donor"
"1010","donut"
"1011","dooms"
"1012","doors"
"1013","doped"
"1014","dopes"
"1015","dopey"
"1016","dosed"
"1017","doses"
"1018","doted"
"1019","dotes"
"1020","dotty"
"1021","doubt"
"1022","dough"
"1023","douse"
"1024","dover"
"1025","doves"
"1026","dowdy"
"1027","dowel"
"1028","downs"
"1029","downy"
"1030","dowry"
"1031","dowse"
"1032","doyen"
"1033","dozed"
"1034","dozen"
"1035","dozes"
"1036","draft"
"1037","drags"
"1038","drain"
"1039","drake"
"1040","drama"
"1041","drank"
"1042","drape"
"1043","drawl"
"1044","drawn"
"1045","draws"
"1046","drays"
"1047","dread"
"1048","dream"
"1049","drear"
"1050","dregs"
"1051","dress"
"1052","dried"
"1053","drier"
"1054","dries"
"1055","drift"
"1056","drill"
"1057","drily"
"1058","drink"
"1059","drips"
"1060","drive"
"1061","droll"
"1062","drone"
"1063","drool"
"1064","droop"
"1065","drops"
"1066","dross"
"1067","drove"
"1068","drown"
"1069","drugs"
"1070","druid"
"1071","drums"
"1072","drunk"
"1073","dryer"
"1074","dryly"
"1075","duals"
"1076","duchy"
"1077","ducks"
"1078","ducts"
"1079","dudes"
"1080","duels"
"1081","duets"
"1082","dukes"
"1083","dulls"
"1084","dully"
"1085","dummy"
"1086","dumps"
"1087","dumpy"
"1088","dunce"
"1089","dunes"
"1090","duomo"
"1091","duped"
"1092","dupes"
"1093","dusky"
"1094","dusts"
"1095","dusty"
"1096","dutch"
"1097","duvet"
"1098","dwarf"
"1099","dwell"
"1100","dwelt"
"1101","dyers"
"1102","dying"
"1103","dykes"
"1104","eager"
"1105","eagle"
"1106","eared"
"1107","earls"
"1108","early"
"1109","earns"
"1110","earth"
"1111","eased"
"1112","easel"
"1113","eases"
"1114","eaten"
"1115","eater"
"1116","eaves"
"1117","ebbed"
"1118","ebony"
"1119","edema"
"1120","edged"
"1121","edges"
"1122","edict"
"1123","edify"
"1124","edits"
"1125","eerie"
"1126","egged"
"1127","egret"
"1128","egypt"
"1129","eider"
"1130","eight"
"1131","eject"
"1132","eking"
"1133","eland"
"1134","elate"
"1135","elbow"
"1136","elder"
"1137","elect"
"1138","elegy"
"1139","elfin"
"1140","elide"
"1141","elite"
"1142","elope"
"1143","elude"
"1144","elven"
"1145","elves"
"1146","email"
"1147","embed"
"1148","ember"
"1149","emery"
"1150","emirs"
"1151","emits"
"1152","empty"
"1153","enact"
"1154","ended"
"1155","endow"
"1156","enema"
"1157","enemy"
"1158","enjoy"
"1159","ennui"
"1160","enrol"
"1161","ensue"
"1162","enter"
"1163","entry"
"1164","envoy"
"1165","eosin"
"1166","ephor"
"1167","epics"
"1168","epoch"
"1169","epoxy"
"1170","equal"
"1171","equip"
"1172","erase"
"1173","erect"
"1174","ergot"
"1175","erica"
"1176","erode"
"1177","erose"
"1178","erred"
"1179","error"
"1180","erupt"
"1181","essay"
"1182","essen"
"1183","ester"
"1184","ether"
"1185","ethic"
"1186","ethos"
"1187","ethyl"
"1188","evade"
"1189","evens"
"1190","event"
"1191","every"
"1192","evict"
"1193","evils"
"1194","evoke"
"1195","exact"
"1196","exalt"
"1197","exams"
"1198","excel"
"1199","exert"
"1200","exile"
"1201","exist"
"1202","exits"
"1203","expel"
"1204","extol"
"1205","extra"
"1206","exude"
"1207","exult"
"1208","fable"
"1209","faced"
"1210","facer"
"1211","faces"
"1212","facet"
"1213","facia"
"1214","facts"
"1215","faded"
"1216","fades"
"1217","fagot"
"1218","fails"
"1219","faint"
"1220","fairs"
"1221","fairy"
"1222","faith"
"1223","faked"
"1224","fakes"
"1225","falls"
"1226","false"
"1227","famed"
"1228","fancy"
"1229","fangs"
"1230","fanny"
"1231","farad"
"1232","farce"
"1233","fared"
"1234","fares"
"1235","farms"
"1236","fasts"
"1237","fatal"
"1238","fated"
"1239","fates"
"1240","fatty"
"1241","fatwa"
"1242","fault"
"1243","fauna"
"1244","fauns"
"1245","faust"
"1246","fawns"
"1247","faxed"
"1248","faxes"
"1249","fears"
"1250","feast"
"1251","feats"
"1252","fedup"
"1253","feeds"
"1254","feels"
"1255","feign"
"1256","feint"
"1257","fells"
"1258","felon"
"1259","femur"
"1260","fence"
"1261","fends"
"1262","feral"
"1263","ferns"
"1264","ferny"
"1265","ferry"
"1266","fetal"
"1267","fetch"
"1268","feted"
"1269","fetes"
"1270","fetid"
"1271","fetus"
"1272","feuds"
"1273","fever"
"1274","fewer"
"1275","fibre"
"1276","fiche"
"1277","ficus"
"1278","fiefs"
"1279","field"
"1280","fiend"
"1281","fiery"
"1282","fifes"
"1283","fifth"
"1284","fifty"
"1285","fight"
"1286","filch"
"1287","filed"
"1288","filer"
"1289","files"
"1290","filet"
"1291","fills"
"1292","filly"
"1293","films"
"1294","filmy"
"1295","filth"
"1296","final"
"1297","finch"
"1298","finds"
"1299","fined"
"1300","finer"
"1301","fines"
"1302","finis"
"1303","fiord"
"1304","fired"
"1305","firer"
"1306","fires"
"1307","firms"
"1308","first"
"1309","firth"
"1310","fishy"
"1311","fists"
"1312","fitly"
"1313","fiver"
"1314","fives"
"1315","fixed"
"1316","fixer"
"1317","fixes"
"1318","fizzy"
"1319","fjord"
"1320","flabs"
"1321","flack"
"1322","flags"
"1323","flair"
"1324","flake"
"1325","flaky"
"1326","flame"
"1327","flank"
"1328","flans"
"1329","flaps"
"1330","flare"
"1331","flash"
"1332","flask"
"1333","flats"
"1334","flaws"
"1335","fleas"
"1336","fleck"
"1337","flees"
"1338","fleet"
"1339","flesh"
"1340","flick"
"1341","flier"
"1342","flies"
"1343","fling"
"1344","flint"
"1345","flips"
"1346","flirt"
"1347","flits"
"1348","float"
"1349","flock"
"1350","flogs"
"1351","flood"
"1352","floor"
"1353","flops"
"1354","flora"
"1355","floss"
"1356","flour"
"1357","flout"
"1358","flown"
"1359","flows"
"1360","flues"
"1361","fluff"
"1362","fluid"
"1363","fluke"
"1364","flung"
"1365","fluor"
"1366","flush"
"1367","flute"
"1368","flyer"
"1369","foals"
"1370","foams"
"1371","foamy"
"1372","focal"
"1373","focus"
"1374","fogey"
"1375","foggy"
"1376","foils"
"1377","foist"
"1378","folds"
"1379","folio"
"1380","folks"
"1381","folly"
"1382","fonts"
"1383","foods"
"1384","fools"
"1385","foots"
"1386","foray"
"1387","force"
"1388","fords"
"1389","forge"
"1390","forgo"
"1391","forks"
"1392","forms"
"1393","forte"
"1394","forth"
"1395","forts"
"1396","forty"
"1397","forum"
"1398","fossa"
"1399","fouls"
"1400","found"
"1401","fount"
"1402","fours"
"1403","fowls"
"1404","foxed"
"1405","foxes"
"1406","foyer"
"1407","frail"
"1408","frame"
"1409","franc"
"1410","frank"
"1411","fraud"
"1412","frays"
"1413","freak"
"1414","freed"
"1415","freer"
"1416","frees"
"1417","freon"
"1418","fresh"
"1419","frets"
"1420","freud"
"1421","freya"
"1422","friar"
"1423","fried"
"1424","fries"
"1425","frill"
"1426","frisk"
"1427","frock"
"1428","frogs"
"1429","frond"
"1430","front"
"1431","frost"
"1432","froth"
"1433","frown"
"1434","froze"
"1435","fruit"
"1436","fryer"
"1437","fudge"
"1438","fuels"
"1439","fugal"
"1440","fugue"
"1441","fully"
"1442","fumed"
"1443","fumes"
"1444","funds"
"1445","fungi"
"1446","funky"
"1447","funny"
"1448","furls"
"1449","furry"
"1450","furze"
"1451","fused"
"1452","fuses"
"1453","fussy"
"1454","fusty"
"1455","futon"
"1456","fuzzy"
"1457","gable"
"1458","gabon"
"1459","gaffe"
"1460","gaily"
"1461","gains"
"1462","gaits"
"1463","galas"
"1464","gales"
"1465","galls"
"1466","galop"
"1467","gamed"
"1468","games"
"1469","gamma"
"1470","gamut"
"1471","gangs"
"1472","gaols"
"1473","gaped"
"1474","gapes"
"1475","garbs"
"1476","gases"
"1477","gasps"
"1478","gassy"
"1479","gated"
"1480","gates"
"1481","gaudy"
"1482","gauge"
"1483","gauls"
"1484","gaunt"
"1485","gauze"
"1486","gavel"
"1487","gawky"
"1488","gazed"
"1489","gazes"
"1490","gears"
"1491","gecko"
"1492","geeks"
"1493","geese"
"1494","genes"
"1495","genie"
"1496","genii"
"1497","genoa"
"1498","genre"
"1499","gents"
"1500","genus"
"1501","germs"
"1502","ghana"
"1503","ghost"
"1504","ghoul"
"1505","giant"
"1506","gibed"
"1507","gibes"
"1508","giddy"
"1509","gifts"
"1510","gilds"
"1511","gills"
"1512","gilts"
"1513","gipsy"
"1514","girls"
"1515","girth"
"1516","given"
"1517","giver"
"1518","gives"
"1519","glace"
"1520","glade"
"1521","gland"
"1522","glans"
"1523","glare"
"1524","glass"
"1525","glaze"
"1526","gleam"
"1527","glean"
"1528","glebe"
"1529","glenn"
"1530","glens"
"1531","glide"
"1532","glint"
"1533","gloat"
"1534","globe"
"1535","gloom"
"1536","glory"
"1537","gloss"
"1538","glove"
"1539","glows"
"1540","glued"
"1541","glues"
"1542","gluey"
"1543","gluon"
"1544","glyph"
"1545","gnarl"
"1546","gnash"
"1547","gnats"
"1548","gnaws"
"1549","gnome"
"1550","goads"
"1551","goals"
"1552","goats"
"1553","godly"
"1554","goers"
"1555","gofer"
"1556","going"
"1557","golds"
"1558","golly"
"1559","gonad"
"1560","gongs"
"1561","goods"
"1562","goody"
"1563","gooey"
"1564","goofs"
"1565","goofy"
"1566","goons"
"1567","goose"
"1568","gored"
"1569","gores"
"1570","gorge"
"1571","gorse"
"1572","goths"
"1573","gouda"
"1574","gouge"
"1575","gourd"
"1576","gowns"
"1577","grabs"
"1578","grace"
"1579","grade"
"1580","graft"
"1581","grail"
"1582","grain"
"1583","grams"
"1584","grand"
"1585","grant"
"1586","grape"
"1587","graph"
"1588","grasp"
"1589","grass"
"1590","grate"
"1591","grave"
"1592","gravy"
"1593","graze"
"1594","great"
"1595","greed"
"1596","greek"
"1597","green"
"1598","greet"
"1599","greys"
"1600","grids"
"1601","grief"
"1602","grill"
"1603","grime"
"1604","grimm"
"1605","grimy"
"1606","grind"
"1607","grins"
"1608","gripe"
"1609","grips"
"1610","grist"
"1611","grits"
"1612","groan"
"1613","groat"
"1614","groin"
"1615","groom"
"1616","grope"
"1617","gross"
"1618","group"
"1619","grout"
"1620","grove"
"1621","growl"
"1622","grown"
"1623","grows"
"1624","grubs"
"1625","gruel"
"1626","gruff"
"1627","grunt"
"1628","guano"
"1629","guard"
"1630","guava"
"1631","guess"
"1632","guest"
"1633","guide"
"1634","guild"
"1635","guile"
"1636","guilt"
"1637","guise"
"1638","gulfs"
"1639","gulls"
"1640","gully"
"1641","gulps"
"1642","guppy"
"1643","gurus"
"1644","gusto"
"1645","gusts"
"1646","gusty"
"1647","gutsy"
"1648","gypsy"
"1649","habit"
"1650","hacks"
"1651","hades"
"1652","hadnt"
"1653","hafts"
"1654","haiku"
"1655","hails"
"1656","hairs"
"1657","hairy"
"1658","haiti"
"1659","hakea"
"1660","hallo"
"1661","halls"
"1662","halon"
"1663","halts"
"1664","halve"
"1665","hands"
"1666","handy"
"1667","hangs"
"1668","hanoi"
"1669","happy"
"1670","hardy"
"1671","hared"
"1672","harem"
"1673","hares"
"1674","harks"
"1675","harms"
"1676","harps"
"1677","harry"
"1678","harsh"
"1679","harts"
"1680","hasnt"
"1681","haste"
"1682","hasty"
"1683","hatch"
"1684","hated"
"1685","hater"
"1686","hates"
"1687","hauls"
"1688","haunt"
"1689","haven"
"1690","haves"
"1691","havoc"
"1692","hawks"
"1693","haydn"
"1694","hazel"
"1695","heads"
"1696","heady"
"1697","heals"
"1698","heaps"
"1699","heard"
"1700","hears"
"1701","heart"
"1702","heath"
"1703","heats"
"1704","heave"
"1705","heavy"
"1706","hedge"
"1707","heeds"
"1708","heels"
"1709","hefty"
"1710","heirs"
"1711","heist"
"1712","helen"
"1713","helix"
"1714","hello"
"1715","hells"
"1716","helms"
"1717","helps"
"1718","heman"
"1719","hemen"
"1720","hence"
"1721","henge"
"1722","henna"
"1723","henry"
"1724","herbs"
"1725","herds"
"1726","herod"
"1727","heron"
"1728","hertz"
"1729","hewed"
"1730","hewer"
"1731","hexed"
"1732","hider"
"1733","hides"
"1734","highs"
"1735","hight"
"1736","hiked"
"1737","hiker"
"1738","hikes"
"1739","hills"
"1740","hilly"
"1741","hilts"
"1742","hindu"
"1743","hinge"
"1744","hinny"
"1745","hints"
"1746","hippo"
"1747","hippy"
"1748","hired"
"1749","hirer"
"1750","hires"
"1751","hitch"
"1752","hived"
"1753","hives"
"1754","hoard"
"1755","hoary"
"1756","hobby"
"1757","hocks"
"1758","hocus"
"1759","hoggs"
"1760","hoist"
"1761","holds"
"1762","holed"
"1763","holes"
"1764","holly"
"1765","homed"
"1766","homes"
"1767","honed"
"1768","hones"
"1769","honey"
"1770","honks"
"1771","hoods"
"1772","hoofs"
"1773","hooks"
"1774","hooky"
"1775","hoops"
"1776","hoots"
"1777","hoped"
"1778","hopes"
"1779","horde"
"1780","horns"
"1781","horny"
"1782","horse"
"1783","hosed"
"1784","hoses"
"1785","hosta"
"1786","hosts"
"1787","hotel"
"1788","hotly"
"1789","hound"
"1790","hours"
"1791","house"
"1792","hovel"
"1793","hover"
"1794","howdy"
"1795","howls"
"1796","hubby"
"1797","huffy"
"1798","hulks"
"1799","hullo"
"1800","hulls"
"1801","human"
"1802","humid"
"1803","humps"
"1804","humus"
"1805","hunch"
"1806","hunks"
"1807","hunts"
"1808","hurls"
"1809","hurry"
"1810","hurts"
"1811","husks"
"1812","husky"
"1813","hussy"
"1814","hutch"
"1815","hydra"
"1816","hydro"
"1817","hyena"
"1818","hymen"
"1819","hymns"
"1820","ibsen"
"1821","icier"
"1822","icily"
"1823","icing"
"1824","icons"
"1825","idaho"
"1826","ideal"
"1827","ideas"
"1828","idiom"
"1829","idiot"
"1830","idled"
"1831","idler"
"1832","idles"
"1833","idols"
"1834","idyll"
"1835","igloo"
"1836","ileum"
"1837","iliad"
"1838","image"
"1839","imago"
"1840","imams"
"1841","imbue"
"1842","impel"
"1843","imply"
"1844","inane"
"1845","incas"
"1846","incur"
"1847","index"
"1848","india"
"1849","inept"
"1850","inert"
"1851","infer"
"1852","infix"
"1853","infra"
"1854","ingot"
"1855","inked"
"1856","inlaw"
"1857","inlay"
"1858","inlet"
"1859","inner"
"1860","input"
"1861","inset"
"1862","inter"
"1863","intro"
"1864","inuit"
"1865","inure"
"1866","ionic"
"1867","iotas"
"1868","iraqi"
"1869","irate"
"1870","irish"
"1871","irked"
"1872","irons"
"1873","irony"
"1874","islam"
"1875","isles"
"1876","islet"
"1877","issue"
"1878","italy"
"1879","itchy"
"1880","items"
"1881","ivies"
"1882","ivory"
"1883","jacks"
"1884","jacob"
"1885","jaded"
"1886","jades"
"1887","jails"
"1888","jambs"
"1889","james"
"1890","janus"
"1891","japan"
"1892","japes"
"1893","jaunt"
"1894","jawed"
"1895","jazzy"
"1896","jeans"
"1897","jeeps"
"1898","jeers"
"1899","jehad"
"1900","jelly"
"1901","jemmy"
"1902","jerks"
"1903","jerky"
"1904","jests"
"1905","jesus"
"1906","jetty"
"1907","jewel"
"1908","jiffy"
"1909","jihad"
"1910","jilts"
"1911","jimmy"
"1912","jingo"
"1913","jinks"
"1914","jived"
"1915","jives"
"1916","joins"
"1917","joint"
"1918","joist"
"1919","joked"
"1920","joker"
"1921","jokes"
"1922","jokey"
"1923","jolly"
"1924","jolts"
"1925","jonah"
"1926","joule"
"1927","joust"
"1928","jowls"
"1929","joyed"
"1930","judas"
"1931","judge"
"1932","juice"
"1933","juicy"
"1934","julep"
"1935","jumbo"
"1936","jumps"
"1937","jumpy"
"1938","junks"
"1939","junta"
"1940","juror"
"1941","kalif"
"1942","karma"
"1943","karst"
"1944","kayak"
"1945","kebab"
"1946","keels"
"1947","keeps"
"1948","kelts"
"1949","kenya"
"1950","kerbs"
"1951","ketch"
"1952","keyed"
"1953","khaki"
"1954","khans"
"1955","kicks"
"1956","kills"
"1957","kilns"
"1958","kilts"
"1959","kinds"
"1960","kings"
"1961","kinks"
"1962","kinky"
"1963","kiosk"
"1964","kites"
"1965","kitty"
"1966","kiwis"
"1967","klick"
"1968","kloof"
"1969","knack"
"1970","knave"
"1971","knead"
"1972","kneed"
"1973","kneel"
"1974","knees"
"1975","knell"
"1976","knelt"
"1977","knife"
"1978","knits"
"1979","knobs"
"1980","knock"
"1981","knoll"
"1982","knots"
"1983","known"
"1984","knows"
"1985","koala"
"1986","kongo"
"1987","koran"
"1988","korea"
"1989","kraal"
"1990","kraft"
"1991","krill"
"1992","kudus"
"1993","label"
"1994","labia"
"1995","laced"
"1996","laces"
"1997","lacks"
"1998","laden"
"1999","ladle"
"2000","lager"
"2001","lagos"
"2002","laird"
"2003","lairs"
"2004","laity"
"2005","lakes"
"2006","lamas"
"2007","lambs"
"2008","lamed"
"2009","lamps"
"2010","lance"
"2011","lands"
"2012","lanes"
"2013","lanky"
"2014","lapel"
"2015","lapse"
"2016","larch"
"2017","lards"
"2018","large"
"2019","largo"
"2020","larks"
"2021","larva"
"2022","laser"
"2023","lasso"
"2024","lasts"
"2025","latch"
"2026","later"
"2027","latex"
"2028","lathe"
"2029","laths"
"2030","latin"
"2031","lauds"
"2032","laugh"
"2033","lavas"
"2034","lawns"
"2035","laxer"
"2036","layby"
"2037","layer"
"2038","lazed"
"2039","leach"
"2040","leads"
"2041","leafy"
"2042","leaks"
"2043","leaky"
"2044","leans"
"2045","leant"
"2046","leaps"
"2047","leapt"
"2048","learn"
"2049","lease"
"2050","leash"
"2051","least"
"2052","leave"
"2053","ledge"
"2054","leech"
"2055","leeds"
"2056","leeks"
"2057","leers"
"2058","lefts"
"2059","lefty"
"2060","legal"
"2061","leggy"
"2062","lemma"
"2063","lemon"
"2064","lemur"
"2065","lends"
"2066","lenin"
"2067","lento"
"2068","leone"
"2069","leper"
"2070","level"
"2071","lever"
"2072","liars"
"2073","libel"
"2074","libya"
"2075","lichi"
"2076","licks"
"2077","liens"
"2078","lifts"
"2079","light"
"2080","liked"
"2081","liken"
"2082","likes"
"2083","lilac"
"2084","limbo"
"2085","limbs"
"2086","limes"
"2087","limit"
"2088","limps"
"2089","lined"
"2090","linen"
"2091","liner"
"2092","lines"
"2093","links"
"2094","lions"
"2095","lipid"
"2096","lisps"
"2097","lists"
"2098","lithe"
"2099","litre"
"2100","lived"
"2101","liven"
"2102","liver"
"2103","lives"
"2104","livid"
"2105","llama"
"2106","loads"
"2107","loafs"
"2108","loams"
"2109","loamy"
"2110","loans"
"2111","loath"
"2112","lobby"
"2113","lobed"
"2114","lobes"
"2115","local"
"2116","lochs"
"2117","locks"
"2118","locus"
"2119","lodge"
"2120","loess"
"2121","lofts"
"2122","lofty"
"2123","logic"
"2124","logos"
"2125","loins"
"2126","loire"
"2127","lolly"
"2128","loner"
"2129","longs"
"2130","looks"
"2131","looms"
"2132","loony"
"2133","loops"
"2134","loopy"
"2135","loose"
"2136","loots"
"2137","loped"
"2138","lopes"
"2139","lords"
"2140","lorry"
"2141","loser"
"2142","loses"
"2143","lotto"
"2144","lotus"
"2145","louis"
"2146","louse"
"2147","lousy"
"2148","louts"
"2149","loved"
"2150","lover"
"2151","loves"
"2152","lower"
"2153","lowly"
"2154","loyal"
"2155","lucid"
"2156","lucky"
"2157","lucre"
"2158","lulls"
"2159","lumen"
"2160","lumps"
"2161","lumpy"
"2162","lunar"
"2163","lunch"
"2164","lunge"
"2165","lungs"
"2166","lupin"
"2167","lurch"
"2168","lured"
"2169","lures"
"2170","lurex"
"2171","lurid"
"2172","lurks"
"2173","lusts"
"2174","lusty"
"2175","lutes"
"2176","luxor"
"2177","lying"
"2178","lymph"
"2179","lynch"
"2180","lyons"
"2181","lyres"
"2182","lyric"
"2183","macaw"
"2184","maces"
"2185","macho"
"2186","macro"
"2187","madam"
"2188","madly"
"2189","mafia"
"2190","magic"
"2191","magma"
"2192","maids"
"2193","mails"
"2194","maims"
"2195","maine"
"2196","mains"
"2197","maize"
"2198","major"
"2199","maker"
"2200","makes"
"2201","males"
"2202","malls"
"2203","malta"
"2204","malts"
"2205","malty"
"2206","malva"
"2207","mamas"
"2208","mamba"
"2209","mammy"
"2210","maned"
"2211","manes"
"2212","mange"
"2213","mango"
"2214","mania"
"2215","manic"
"2216","manly"
"2217","manna"
"2218","manor"
"2219","manse"
"2220","maori"
"2221","maple"
"2222","march"
"2223","mares"
"2224","maria"
"2225","marks"
"2226","marls"
"2227","marry"
"2228","marsh"
"2229","maser"
"2230","masks"
"2231","mason"
"2232","masts"
"2233","match"
"2234","mated"
"2235","mater"
"2236","mates"
"2237","maths"
"2238","matte"
"2239","mauls"
"2240","mauve"
"2241","maxim"
"2242","mayas"
"2243","maybe"
"2244","mayor"
"2245","mazes"
"2246","meals"
"2247","mealy"
"2248","means"
"2249","meant"
"2250","meany"
"2251","meats"
"2252","meaty"
"2253","mecca"
"2254","medal"
"2255","media"
"2256","medic"
"2257","meets"
"2258","melee"
"2259","melon"
"2260","melts"
"2261","mends"
"2262","menus"
"2263","meows"
"2264","mercy"
"2265","merge"
"2266","merit"
"2267","merry"
"2268","meson"
"2269","messy"
"2270","metal"
"2271","meted"
"2272","meter"
"2273","metre"
"2274","metro"
"2275","miami"
"2276","micro"
"2277","midas"
"2278","midge"
"2279","midst"
"2280","might"
"2281","mikes"
"2282","milan"
"2283","miler"
"2284","miles"
"2285","milks"
"2286","milky"
"2287","mills"
"2288","mimed"
"2289","mimes"
"2290","mimic"
"2291","mince"
"2292","minds"
"2293","mined"
"2294","miner"
"2295","mines"
"2296","minim"
"2297","minke"
"2298","minks"
"2299","minor"
"2300","mints"
"2301","minty"
"2302","minus"
"2303","mired"
"2304","mires"
"2305","mirth"
"2306","miser"
"2307","missy"
"2308","mists"
"2309","misty"
"2310","mites"
"2311","mitre"
"2312","mitts"
"2313","mixed"
"2314","mixer"
"2315","mixes"
"2316","mixup"
"2317","moans"
"2318","moats"
"2319","mocks"
"2320","modal"
"2321","model"
"2322","modem"
"2323","modes"
"2324","mogul"
"2325","moist"
"2326","molar"
"2327","molds"
"2328","moldy"
"2329","moles"
"2330","molts"
"2331","money"
"2332","monks"
"2333","month"
"2334","moods"
"2335","moody"
"2336","mooed"
"2337","moons"
"2338","moors"
"2339","moose"
"2340","moped"
"2341","mopes"
"2342","moral"
"2343","moray"
"2344","mores"
"2345","morns"
"2346","moron"
"2347","morph"
"2348","morse"
"2349","moses"
"2350","mossy"
"2351","motel"
"2352","motes"
"2353","motet"
"2354","moths"
"2355","motif"
"2356","motor"
"2357","motto"
"2358","mould"
"2359","moult"
"2360","mound"
"2361","mount"
"2362","mourn"
"2363","mouse"
"2364","mousy"
"2365","mouth"
"2366","moved"
"2367","mover"
"2368","moves"
"2369","movie"
"2370","mowed"
"2371","mower"
"2372","mucks"
"2373","mucky"
"2374","mucus"
"2375","muddy"
"2376","muffs"
"2377","mufti"
"2378","muggy"
"2379","mulch"
"2380","mules"
"2381","mummy"
"2382","mumps"
"2383","munch"
"2384","muons"
"2385","mural"
"2386","murky"
"2387","mused"
"2388","muses"
"2389","mushy"
"2390","music"
"2391","musks"
"2392","musky"
"2393","musts"
"2394","musty"
"2395","muted"
"2396","mutes"
"2397","mutts"
"2398","muzak"
"2399","myope"
"2400","myrrh"
"2401","myths"
"2402","nadir"
"2403","naiad"
"2404","nails"
"2405","naive"
"2406","naked"
"2407","named"
"2408","names"
"2409","nanny"
"2410","naomi"
"2411","nappy"
"2412","nasal"
"2413","nasty"
"2414","natal"
"2415","naval"
"2416","navel"
"2417","navvy"
"2418","nazis"
"2419","nears"
"2420","necks"
"2421","needs"
"2422","needy"
"2423","negev"
"2424","neigh"
"2425","nepal"
"2426","nerds"
"2427","nerve"
"2428","nervy"
"2429","nests"
"2430","netts"
"2431","never"
"2432","newer"
"2433","newly"
"2434","newsy"
"2435","newts"
"2436","nguni"
"2437","nicer"
"2438","niche"
"2439","nicks"
"2440","niece"
"2441","nifty"
"2442","niger"
"2443","night"
"2444","nines"
"2445","ninny"
"2446","ninth"
"2447","nixon"
"2448","noble"
"2449","nobly"
"2450","nodal"
"2451","noddy"
"2452","nodes"
"2453","nohow"
"2454","noise"
"2455","noisy"
"2456","nomad"
"2457","nooks"
"2458","noons"
"2459","noose"
"2460","norms"
"2461","north"
"2462","nosed"
"2463","noses"
"2464","nosey"
"2465","notch"
"2466","noted"
"2467","notes"
"2468","nouns"
"2469","novel"
"2470","nudes"
"2471","nudge"
"2472","nulls"
"2473","numbs"
"2474","nurse"
"2475","nutty"
"2476","nyala"
"2477","nylon"
"2478","nymph"
"2479","oaken"
"2480","oakum"
"2481","oases"
"2482","oasis"
"2483","oaths"
"2484","obese"
"2485","obeys"
"2486","oboes"
"2487","occur"
"2488","ocean"
"2489","ochre"
"2490","octal"
"2491","octet"
"2492","odder"
"2493","oddly"
"2494","odium"
"2495","odour"
"2496","offal"
"2497","offer"
"2498","often"
"2499","ogled"
"2500","ogres"
"2501","ohmic"
"2502","oiled"
"2503","oiler"
"2504","oinks"
"2505","okapi"
"2506","okays"
"2507","olden"
"2508","older"
"2509","oldie"
"2510","olive"
"2511","omega"
"2512","omens"
"2513","omits"
"2514","onion"
"2515","onset"
"2516","oozed"
"2517","oozes"
"2518","opals"
"2519","opens"
"2520","opera"
"2521","opine"
"2522","opium"
"2523","opted"
"2524","optic"
"2525","orang"
"2526","orate"
"2527","orbit"
"2528","order"
"2529","organ"
"2530","oscar"
"2531","other"
"2532","otter"
"2533","ought"
"2534","ounce"
"2535","ousts"
"2536","outdo"
"2537","outer"
"2538","outgo"
"2539","ovals"
"2540","ovary"
"2541","ovate"
"2542","ovens"
"2543","overs"
"2544","overt"
"2545","ovoid"
"2546","owing"
"2547","owlet"
"2548","owned"
"2549","owner"
"2550","oxide"
"2551","ozone"
"2552","paced"
"2553","pacer"
"2554","paces"
"2555","pacey"
"2556","packs"
"2557","pacts"
"2558","paddy"
"2559","padre"
"2560","paean"
"2561","pagan"
"2562","paged"
"2563","pager"
"2564","pages"
"2565","pails"
"2566","pains"
"2567","paint"
"2568","pairs"
"2569","paled"
"2570","paler"
"2571","pales"
"2572","palls"
"2573","palms"
"2574","palmy"
"2575","palsy"
"2576","panda"
"2577","paned"
"2578","panel"
"2579","panes"
"2580","panga"
"2581","pangs"
"2582","panic"
"2583","pansy"
"2584","pants"
"2585","papal"
"2586","papas"
"2587","papaw"
"2588","paper"
"2589","pappy"
"2590","papua"
"2591","parch"
"2592","pared"
"2593","pares"
"2594","paris"
"2595","parka"
"2596","parks"
"2597","parry"
"2598","parse"
"2599","parts"
"2600","party"
"2601","passe"
"2602","pasta"
"2603","paste"
"2604","pasts"
"2605","pasty"
"2606","patch"
"2607","paten"
"2608","pater"
"2609","pates"
"2610","paths"
"2611","patio"
"2612","pause"
"2613","paved"
"2614","paves"
"2615","pawed"
"2616","pawns"
"2617","payed"
"2618","payee"
"2619","payer"
"2620","peace"
"2621","peach"
"2622","peaks"
"2623","peaky"
"2624","peals"
"2625","pearl"
"2626","pears"
"2627","peaty"
"2628","pecan"
"2629","pecks"
"2630","pedal"
"2631","peeks"
"2632","peels"
"2633","peeps"
"2634","peers"
"2635","pekan"
"2636","pelts"
"2637","penal"
"2638","pence"
"2639","penny"
"2640","perch"
"2641","peril"
"2642","perks"
"2643","perky"
"2644","perms"
"2645","perry"
"2646","perth"
"2647","pesky"
"2648","pests"
"2649","petal"
"2650","peter"
"2651","petit"
"2652","petty"
"2653","phase"
"2654","phlox"
"2655","phone"
"2656","phony"
"2657","photo"
"2658","phyla"
"2659","piano"
"2660","picks"
"2661","piece"
"2662","piers"
"2663","pieta"
"2664","piety"
"2665","piggy"
"2666","pikes"
"2667","piled"
"2668","piles"
"2669","pills"
"2670","pilot"
"2671","pimps"
"2672","pinch"
"2673","pined"
"2674","pines"
"2675","pings"
"2676","pinks"
"2677","pinky"
"2678","pints"
"2679","pinup"
"2680","pions"
"2681","pious"
"2682","piped"
"2683","piper"
"2684","pipes"
"2685","pipit"
"2686","pique"
"2687","pitch"
"2688","piths"
"2689","pithy"
"2690","piton"
"2691","pivot"
"2692","pixel"
"2693","pixie"
"2694","pizza"
"2695","place"
"2696","plaid"
"2697","plain"
"2698","plait"
"2699","plane"
"2700","plank"
"2701","plans"
"2702","plant"
"2703","plasm"
"2704","plate"
"2705","plato"
"2706","plays"
"2707","plaza"
"2708","plead"
"2709","pleas"
"2710","pleat"
"2711","plebs"
"2712","plied"
"2713","plies"
"2714","plods"
"2715","plops"
"2716","plots"
"2717","ploys"
"2718","pluck"
"2719","plugs"
"2720","plumb"
"2721","plume"
"2722","plump"
"2723","plums"
"2724","plumy"
"2725","plush"
"2726","pluto"
"2727","poach"
"2728","pocks"
"2729","podgy"
"2730","podia"
"2731","poems"
"2732","poets"
"2733","point"
"2734","poise"
"2735","poked"
"2736","poker"
"2737","pokes"
"2738","polar"
"2739","poled"
"2740","poles"
"2741","polio"
"2742","polka"
"2743","polls"
"2744","polyp"
"2745","ponce"
"2746","ponds"
"2747","pooch"
"2748","pools"
"2749","popes"
"2750","poppy"
"2751","popup"
"2752","porch"
"2753","pored"
"2754","pores"
"2755","porky"
"2756","porno"
"2757","porns"
"2758","ports"
"2759","posed"
"2760","poser"
"2761","poses"
"2762","posit"
"2763","posse"
"2764","posts"
"2765","potch"
"2766","potty"
"2767","pouch"
"2768","poult"
"2769","pound"
"2770","pours"
"2771","pouts"
"2772","power"
"2773","prams"
"2774","prang"
"2775","prank"
"2776","prawn"
"2777","prays"
"2778","preen"
"2779","preps"
"2780","press"
"2781","preys"
"2782","price"
"2783","prick"
"2784","pricy"
"2785","pride"
"2786","pried"
"2787","pries"
"2788","prime"
"2789","print"
"2790","prior"
"2791","prise"
"2792","prism"
"2793","privy"
"2794","prize"
"2795","probe"
"2796","prods"
"2797","prone"
"2798","prong"
"2799","proof"
"2800","props"
"2801","prose"
"2802","proud"
"2803","prove"
"2804","prowl"
"2805","prows"
"2806","proxy"
"2807","prude"
"2808","prune"
"2809","psalm"
"2810","pubic"
"2811","puffs"
"2812","puffy"
"2813","pulls"
"2814","pulps"
"2815","pulpy"
"2816","pulse"
"2817","pumas"
"2818","pumps"
"2819","punch"
"2820","punks"
"2821","punky"
"2822","punts"
"2823","pupae"
"2824","pupal"
"2825","pupil"
"2826","puppy"
"2827","puree"
"2828","purer"
"2829","purge"
"2830","purls"
"2831","purrs"
"2832","purse"
"2833","pushy"
"2834","pussy"
"2835","putti"
"2836","putts"
"2837","putty"
"2838","pygmy"
"2839","pylon"
"2840","pyres"
"2841","qatar"
"2842","quack"
"2843","quaff"
"2844","quail"
"2845","quake"
"2846","qualm"
"2847","quark"
"2848","quart"
"2849","quash"
"2850","quasi"
"2851","quays"
"2852","queen"
"2853","queer"
"2854","quell"
"2855","quern"
"2856","query"
"2857","quest"
"2858","queue"
"2859","quick"
"2860","quids"
"2861","quiet"
"2862","quiff"
"2863","quill"
"2864","quilt"
"2865","quips"
"2866","quire"
"2867","quirk"
"2868","quite"
"2869","quits"
"2870","quota"
"2871","quote"
"2872","rabat"
"2873","rabbi"
"2874","rabid"
"2875","raced"
"2876","racer"
"2877","races"
"2878","racks"
"2879","radar"
"2880","radii"
"2881","radio"
"2882","radix"
"2883","radon"
"2884","rafts"
"2885","raged"
"2886","rages"
"2887","raids"
"2888","rails"
"2889","rains"
"2890","rainy"
"2891","raise"
"2892","rajah"
"2893","raked"
"2894","rakes"
"2895","rally"
"2896","ramps"
"2897","ranch"
"2898","rands"
"2899","randy"
"2900","range"
"2901","rangy"
"2902","ranis"
"2903","ranks"
"2904","rants"
"2905","raped"
"2906","rapes"
"2907","rapid"
"2908","rarer"
"2909","rased"
"2910","rasps"
"2911","raspy"
"2912","rated"
"2913","rater"
"2914","rates"
"2915","ratio"
"2916","ratty"
"2917","raved"
"2918","ravel"
"2919","raven"
"2920","raver"
"2921","raves"
"2922","rayed"
"2923","rayon"
"2924","razed"
"2925","razes"
"2926","razor"
"2927","reach"
"2928","react"
"2929","reads"
"2930","ready"
"2931","realm"
"2932","reals"
"2933","reams"
"2934","reaps"
"2935","rearm"
"2936","rears"
"2937","rebel"
"2938","rebus"
"2939","rebut"
"2940","recap"
"2941","recto"
"2942","recur"
"2943","redox"
"2944","reeds"
"2945","reefs"
"2946","reeks"
"2947","reels"
"2948","refer"
"2949","refit"
"2950","regal"
"2951","reich"
"2952","reify"
"2953","reign"
"2954","reins"
"2955","relax"
"2956","relay"
"2957","relic"
"2958","relit"
"2959","remap"
"2960","remit"
"2961","remix"
"2962","remus"
"2963","renal"
"2964","rends"
"2965","renew"
"2966","rents"
"2967","repay"
"2968","repel"
"2969","reply"
"2970","reran"
"2971","rerun"
"2972","resea"
"2973","reset"
"2974","resin"
"2975","resit"
"2976","rests"
"2977","retch"
"2978","retro"
"2979","retry"
"2980","reuse"
"2981","revel"
"2982","revue"
"2983","rhein"
"2984","rhine"
"2985","rhino"
"2986","rhyme"
"2987","rials"
"2988","ricks"
"2989","rider"
"2990","rides"
"2991","ridge"
"2992","riffs"
"2993","rifle"
"2994","rifts"
"2995","right"
"2996","rigid"
"2997","rigor"
"2998","riled"
"2999","riles"
"3000","rills"
"3001","rinds"
"3002","rings"
"3003","rinks"
"3004","rinse"
"3005","riots"
"3006","ripen"
"3007","riper"
"3008","risen"
"3009","riser"
"3010","rises"
"3011","risks"
"3012","risky"
"3013","rites"
"3014","rival"
"3015","riven"
"3016","river"
"3017","rivet"
"3018","roach"
"3019","roads"
"3020","roams"
"3021","roars"
"3022","roast"
"3023","robed"
"3024","robes"
"3025","robin"
"3026","robot"
"3027","rocks"
"3028","rocky"
"3029","rodeo"
"3030","rogue"
"3031","roles"
"3032","rolls"
"3033","roman"
"3034","romps"
"3035","roofs"
"3036","rooks"
"3037","rooms"
"3038","roomy"
"3039","roost"
"3040","roots"
"3041","roped"
"3042","ropes"
"3043","roses"
"3044","rosin"
"3045","rotas"
"3046","rotor"
"3047","rouge"
"3048","rough"
"3049","round"
"3050","rouse"
"3051","route"
"3052","routs"
"3053","roved"
"3054","rover"
"3055","roves"
"3056","rowdy"
"3057","rowed"
"3058","rower"
"3059","royal"
"3060","rucks"
"3061","ruddy"
"3062","ruder"
"3063","ruffs"
"3064","rugby"
"3065","ruins"
"3066","ruled"
"3067","ruler"
"3068","rules"
"3069","rumba"
"3070","rumen"
"3071","rummy"
"3072","rumps"
"3073","runes"
"3074","rungs"
"3075","runny"
"3076","runts"
"3077","rupee"
"3078","rural"
"3079","rusks"
"3080","rusts"
"3081","rusty"
"3082","saber"
"3083","sable"
"3084","sabra"
"3085","sabre"
"3086","sacks"
"3087","sadly"
"3088","safer"
"3089","safes"
"3090","sagas"
"3091","sages"
"3092","sahib"
"3093","sails"
"3094","saint"
"3095","sakes"
"3096","salad"
"3097","salem"
"3098","sales"
"3099","sally"
"3100","salon"
"3101","salsa"
"3102","salts"
"3103","salty"
"3104","salve"
"3105","salvo"
"3106","samba"
"3107","samoa"
"3108","sands"
"3109","sandy"
"3110","saner"
"3111","sarge"
"3112","saris"
"3113","satan"
"3114","sated"
"3115","satin"
"3116","satyr"
"3117","sauce"
"3118","saucy"
"3119","saudi"
"3120","sauna"
"3121","saute"
"3122","saved"
"3123","saver"
"3124","saves"
"3125","savvy"
"3126","sawed"
"3127","saxon"
"3128","scabs"
"3129","scald"
"3130","scale"
"3131","scalp"
"3132","scaly"
"3133","scamp"
"3134","scams"
"3135","scans"
"3136","scant"
"3137","scape"
"3138","scare"
"3139","scarf"
"3140","scarp"
"3141","scars"
"3142","scary"
"3143","scene"
"3144","scent"
"3145","schwa"
"3146","scifi"
"3147","scoff"
"3148","scold"
"3149","scone"
"3150","scoop"
"3151","scoot"
"3152","scope"
"3153","score"
"3154","scorn"
"3155","scots"
"3156","scour"
"3157","scout"
"3158","scowl"
"3159","scram"
"3160","scrap"
"3161","scree"
"3162","screw"
"3163","scrub"
"3164","scrum"
"3165","scuba"
"3166","scuds"
"3167","scuff"
"3168","scull"
"3169","seals"
"3170","seams"
"3171","seamy"
"3172","sears"
"3173","seats"
"3174","sects"
"3175","sedan"
"3176","sedge"
"3177","seeds"
"3178","seedy"
"3179","seeks"
"3180","seems"
"3181","seeps"
"3182","seers"
"3183","seine"
"3184","seize"
"3185","sells"
"3186","semen"
"3187","sends"
"3188","sense"
"3189","seoul"
"3190","sepia"
"3191","serai"
"3192","serfs"
"3193","serge"
"3194","serif"
"3195","serum"
"3196","serve"
"3197","setts"
"3198","setup"
"3199","seven"
"3200","sever"
"3201","sewed"
"3202","sewer"
"3203","sexed"
"3204","sexes"
"3205","shack"
"3206","shade"
"3207","shady"
"3208","shaft"
"3209","shags"
"3210","shahs"
"3211","shake"
"3212","shaky"
"3213","shale"
"3214","shall"
"3215","shame"
"3216","shams"
"3217","shank"
"3218","shape"
"3219","shard"
"3220","share"
"3221","shark"
"3222","sharp"
"3223","shave"
"3224","shawl"
"3225","sheaf"
"3226","shear"
"3227","sheds"
"3228","sheen"
"3229","sheep"
"3230","sheer"
"3231","sheet"
"3232","sheik"
"3233","shelf"
"3234","shell"
"3235","shied"
"3236","shies"
"3237","shift"
"3238","shine"
"3239","shins"
"3240","shiny"
"3241","ships"
"3242","shire"
"3243","shirk"
"3244","shirt"
"3245","shoal"
"3246","shock"
"3247","shoed"
"3248","shoes"
"3249","shone"
"3250","shook"
"3251","shoot"
"3252","shops"
"3253","shore"
"3254","shorn"
"3255","short"
"3256","shots"
"3257","shout"
"3258","shove"
"3259","shown"
"3260","shows"
"3261","showy"
"3262","shred"
"3263","shrew"
"3264","shrub"
"3265","shrug"
"3266","shuns"
"3267","shunt"
"3268","shuts"
"3269","shyer"
"3270","shyly"
"3271","sibyl"
"3272","sided"
"3273","sider"
"3274","sides"
"3275","sidle"
"3276","siege"
"3277","sieve"
"3278","sifts"
"3279","sighs"
"3280","sight"
"3281","sigma"
"3282","signs"
"3283","silks"
"3284","silky"
"3285","silly"
"3286","silts"
"3287","silty"
"3288","sinai"
"3289","since"
"3290","sines"
"3291","sinew"
"3292","singe"
"3293","sings"
"3294","sinks"
"3295","sinus"
"3296","sired"
"3297","siren"
"3298","sires"
"3299","sisal"
"3300","sissy"
"3301","sitar"
"3302","sited"
"3303","sites"
"3304","sixes"
"3305","sixth"
"3306","sixty"
"3307","sized"
"3308","sizes"
"3309","skate"
"3310","skein"
"3311","skews"
"3312","skids"
"3313","skied"
"3314","skier"
"3315","skies"
"3316","skill"
"3317","skimp"
"3318","skims"
"3319","skins"
"3320","skips"
"3321","skirl"
"3322","skirt"
"3323","skits"
"3324","skuas"
"3325","skulk"
"3326","skull"
"3327","skunk"
"3328","slabs"
"3329","slack"
"3330","slags"
"3331","slain"
"3332","slake"
"3333","slams"
"3334","slang"
"3335","slant"
"3336","slaps"
"3337","slash"
"3338","slate"
"3339","slats"
"3340","slave"
"3341","slavs"
"3342","slays"
"3343","sleds"
"3344","sleek"
"3345","sleep"
"3346","sleet"
"3347","slept"
"3348","slice"
"3349","slick"
"3350","slide"
"3351","slily"
"3352","slime"
"3353","slims"
"3354","slimy"
"3355","sling"
"3356","slink"
"3357","slips"
"3358","slits"
"3359","slobs"
"3360","slogs"
"3361","sloop"
"3362","slope"
"3363","slops"
"3364","slosh"
"3365","sloth"
"3366","slots"
"3367","slows"
"3368","slugs"
"3369","slump"
"3370","slums"
"3371","slung"
"3372","slunk"
"3373","slurp"
"3374","slurs"
"3375","slush"
"3376","sluts"
"3377","slyer"
"3378","slyly"
"3379","smack"
"3380","small"
"3381","smart"
"3382","smash"
"3383","smear"
"3384","smell"
"3385","smelt"
"3386","smile"
"3387","smirk"
"3388","smite"
"3389","smith"
"3390","smock"
"3391","smogs"
"3392","smoke"
"3393","smoky"
"3394","smote"
"3395","smuts"
"3396","snack"
"3397","snags"
"3398","snail"
"3399","snake"
"3400","snaky"
"3401","snaps"
"3402","snare"
"3403","snarl"
"3404","sneak"
"3405","sneer"
"3406","snick"
"3407","snide"
"3408","sniff"
"3409","snipe"
"3410","snips"
"3411","snits"
"3412","snobs"
"3413","snoek"
"3414","snoop"
"3415","snore"
"3416","snort"
"3417","snout"
"3418","snows"
"3419","snowy"
"3420","snubs"
"3421","snuff"
"3422","soaks"
"3423","soaps"
"3424","soapy"
"3425","soars"
"3426","sober"
"3427","socks"
"3428","sodas"
"3429","soddy"
"3430","sodom"
"3431","sofas"
"3432","softy"
"3433","soggy"
"3434","soils"
"3435","solar"
"3436","soler"
"3437","soles"
"3438","solfa"
"3439","solid"
"3440","solve"
"3441","somas"
"3442","sonar"
"3443","sones"
"3444","songs"
"3445","sonic"
"3446","sonny"
"3447","soots"
"3448","sooty"
"3449","soppy"
"3450","sores"
"3451","sorry"
"3452","sorts"
"3453","sotho"
"3454","souks"
"3455","souls"
"3456","sound"
"3457","soups"
"3458","soupy"
"3459","sours"
"3460","south"
"3461","sowed"
"3462","sower"
"3463","space"
"3464","spade"
"3465","spain"
"3466","spank"
"3467","spans"
"3468","spare"
"3469","spark"
"3470","spars"
"3471","spasm"
"3472","spate"
"3473","spats"
"3474","spawn"
"3475","spays"
"3476","speak"
"3477","spear"
"3478","speck"
"3479","specs"
"3480","speed"
"3481","spell"
"3482","spelt"
"3483","spend"
"3484","spent"
"3485","spews"
"3486","spice"
"3487","spicy"
"3488","spied"
"3489","spies"
"3490","spike"
"3491","spiky"
"3492","spill"
"3493","spilt"
"3494","spine"
"3495","spins"
"3496","spiny"
"3497","spire"
"3498","spite"
"3499","spits"
"3500","splat"
"3501","split"
"3502","spoil"
"3503","spoke"
"3504","spoof"
"3505","spook"
"3506","spool"
"3507","spoon"
"3508","spoor"
"3509","spore"
"3510","sport"
"3511","spots"
"3512","spout"
"3513","sprat"
"3514","spray"
"3515","spree"
"3516","sprig"
"3517","spume"
"3518","spurn"
"3519","spurs"
"3520","spurt"
"3521","squad"
"3522","squat"
"3523","squaw"
"3524","squib"
"3525","squid"
"3526","stabs"
"3527","stack"
"3528","staff"
"3529","stage"
"3530","stags"
"3531","staid"
"3532","stain"
"3533","stair"
"3534","stake"
"3535","stale"
"3536","stalk"
"3537","stall"
"3538","stamp"
"3539","stand"
"3540","stank"
"3541","stare"
"3542","stark"
"3543","stars"
"3544","start"
"3545","state"
"3546","stave"
"3547","stays"
"3548","stead"
"3549","steak"
"3550","steal"
"3551","steam"
"3552","steed"
"3553","steel"
"3554","steep"
"3555","steer"
"3556","stems"
"3557","steps"
"3558","stern"
"3559","stews"
"3560","stick"
"3561","sties"
"3562","stiff"
"3563","still"
"3564","stilt"
"3565","sting"
"3566","stink"
"3567","stint"
"3568","stirs"
"3569","stoat"
"3570","stock"
"3571","stoep"
"3572","stoic"
"3573","stoke"
"3574","stole"
"3575","stoma"
"3576","stomp"
"3577","stone"
"3578","stony"
"3579","stood"
"3580","stool"
"3581","stoop"
"3582","stops"
"3583","store"
"3584","stork"
"3585","storm"
"3586","story"
"3587","stout"
"3588","stove"
"3589","stows"
"3590","strap"
"3591","straw"
"3592","stray"
"3593","strew"
"3594","strip"
"3595","strop"
"3596","strum"
"3597","strut"
"3598","stubs"
"3599","stuck"
"3600","studs"
"3601","study"
"3602","stuff"
"3603","stump"
"3604","stung"
"3605","stuns"
"3606","stunt"
"3607","style"
"3608","styli"
"3609","suave"
"3610","sucks"
"3611","sudan"
"3612","suede"
"3613","sugar"
"3614","suing"
"3615","suite"
"3616","suits"
"3617","sulks"
"3618","sulky"
"3619","sully"
"3620","summa"
"3621","sumps"
"3622","sunny"
"3623","super"
"3624","surer"
"3625","surfs"
"3626","surge"
"3627","surly"
"3628","sushi"
"3629","swabs"
"3630","swads"
"3631","swags"
"3632","swamp"
"3633","swans"
"3634","swaps"
"3635","sward"
"3636","swarm"
"3637","swats"
"3638","sways"
"3639","swazi"
"3640","swear"
"3641","sweat"
"3642","swede"
"3643","sweep"
"3644","sweet"
"3645","swell"
"3646","swept"
"3647","swift"
"3648","swill"
"3649","swims"
"3650","swine"
"3651","swing"
"3652","swipe"
"3653","swirl"
"3654","swish"
"3655","swiss"
"3656","swoon"
"3657","swoop"
"3658","swops"
"3659","sword"
"3660","swore"
"3661","sworn"
"3662","swots"
"3663","swung"
"3664","sylph"
"3665","synod"
"3666","syria"
"3667","syrup"
"3668","tabby"
"3669","table"
"3670","taboo"
"3671","tacit"
"3672","tacks"
"3673","tacky"
"3674","tails"
"3675","taint"
"3676","taken"
"3677","taker"
"3678","takes"
"3679","tales"
"3680","talks"
"3681","tally"
"3682","talon"
"3683","tamed"
"3684","tamer"
"3685","tames"
"3686","tango"
"3687","tangy"
"3688","tanks"
"3689","tapas"
"3690","taped"
"3691","taper"
"3692","tapes"
"3693","tapir"
"3694","tardy"
"3695","tares"
"3696","tarns"
"3697","tarot"
"3698","tarry"
"3699","tarts"
"3700","tarty"
"3701","tasks"
"3702","taste"
"3703","tasty"
"3704","tatty"
"3705","taunt"
"3706","tawny"
"3707","taxed"
"3708","taxes"
"3709","taxis"
"3710","teach"
"3711","teams"
"3712","tears"
"3713","tease"
"3714","teats"
"3715","teddy"
"3716","teems"
"3717","teens"
"3718","teeny"
"3719","teeth"
"3720","telex"
"3721","tells"
"3722","telly"
"3723","tempi"
"3724","tempo"
"3725","tempt"
"3726","tench"
"3727","tends"
"3728","tenet"
"3729","tenon"
"3730","tenor"
"3731","tense"
"3732","tenth"
"3733","tents"
"3734","tepee"
"3735","tepid"
"3736","terms"
"3737","terns"
"3738","terry"
"3739","terse"
"3740","tests"
"3741","testy"
"3742","tetra"
"3743","texan"
"3744","texas"
"3745","texts"
"3746","thane"
"3747","thank"
"3748","thaws"
"3749","theft"
"3750","their"
"3751","theme"
"3752","there"
"3753","these"
"3754","theta"
"3755","thick"
"3756","thief"
"3757","thigh"
"3758","thine"
"3759","thing"
"3760","think"
"3761","thins"
"3762","third"
"3763","thong"
"3764","thorn"
"3765","those"
"3766","three"
"3767","threw"
"3768","throb"
"3769","throw"
"3770","thrum"
"3771","thuds"
"3772","thugs"
"3773","thumb"
"3774","thump"
"3775","thyme"
"3776","tiara"
"3777","tibia"
"3778","ticks"
"3779","tidal"
"3780","tides"
"3781","tiers"
"3782","tiger"
"3783","tight"
"3784","tikka"
"3785","tilde"
"3786","tiled"
"3787","tiler"
"3788","tiles"
"3789","tills"
"3790","tilts"
"3791","timed"
"3792","timer"
"3793","times"
"3794","timid"
"3795","tinge"
"3796","tinny"
"3797","tints"
"3798","tipsy"
"3799","tired"
"3800","tires"
"3801","titan"
"3802","tithe"
"3803","title"
"3804","titre"
"3805","toads"
"3806","toady"
"3807","toast"
"3808","today"
"3809","toddy"
"3810","toffy"
"3811","togas"
"3812","toils"
"3813","token"
"3814","tokyo"
"3815","tolls"
"3816","tombs"
"3817","tomes"
"3818","tonal"
"3819","toned"
"3820","toner"
"3821","tones"
"3822","tonga"
"3823","tongs"
"3824","tonic"
"3825","tonne"
"3826","tools"
"3827","tooth"
"3828","topaz"
"3829","topic"
"3830","torah"
"3831","torch"
"3832","torso"
"3833","torts"
"3834","torus"
"3835","total"
"3836","totem"
"3837","touch"
"3838","tough"
"3839","tours"
"3840","touts"
"3841","towed"
"3842","towel"
"3843","tower"
"3844","towns"
"3845","toxic"
"3846","toxin"
"3847","toyed"
"3848","trace"
"3849","track"
"3850","tract"
"3851","trade"
"3852","trail"
"3853","train"
"3854","trait"
"3855","tramp"
"3856","trams"
"3857","traps"
"3858","trash"
"3859","trawl"
"3860","trays"
"3861","tread"
"3862","treat"
"3863","trees"
"3864","treks"
"3865","trend"
"3866","tress"
"3867","trews"
"3868","triad"
"3869","trial"
"3870","tribe"
"3871","trice"
"3872","trick"
"3873","tried"
"3874","trier"
"3875","tries"
"3876","trigs"
"3877","trill"
"3878","trims"
"3879","tripe"
"3880","trips"
"3881","trite"
"3882","troll"
"3883","troop"
"3884","trope"
"3885","trots"
"3886","trout"
"3887","trove"
"3888","truce"
"3889","truck"
"3890","truer"
"3891","truly"
"3892","trump"
"3893","trunk"
"3894","truss"
"3895","trust"
"3896","truth"
"3897","tubas"
"3898","tubby"
"3899","tubed"
"3900","tuber"
"3901","tubes"
"3902","tucks"
"3903","tufts"
"3904","tulip"
"3905","tummy"
"3906","tunas"
"3907","tuned"
"3908","tuner"
"3909","tunes"
"3910","tunic"
"3911","tunny"
"3912","turbo"
"3913","turfs"
"3914","turfy"
"3915","turin"
"3916","turks"
"3917","turns"
"3918","tusks"
"3919","tutor"
"3920","twain"
"3921","twang"
"3922","tweak"
"3923","tweed"
"3924","tweet"
"3925","twice"
"3926","twigs"
"3927","twill"
"3928","twine"
"3929","twins"
"3930","twirl"
"3931","twist"
"3932","tying"
"3933","tykes"
"3934","typed"
"3935","types"
"3936","tyres"
"3937","udder"
"3938","ulcer"
"3939","ultra"
"3940","umbra"
"3941","unapt"
"3942","unarm"
"3943","unary"
"3944","unbar"
"3945","uncle"
"3946","uncut"
"3947","under"
"3948","undid"
"3949","undue"
"3950","unfed"
"3951","unfit"
"3952","unfix"
"3953","unify"
"3954","union"
"3955","unite"
"3956","units"
"3957","unity"
"3958","unjam"
"3959","unlit"
"3960","unmet"
"3961","unset"
"3962","untie"
"3963","until"
"3964","unwed"
"3965","unzip"
"3966","upped"
"3967","upper"
"3968","uproo"
"3969","upset"
"3970","urban"
"3971","urged"
"3972","urges"
"3973","urine"
"3974","usage"
"3975","users"
"3976","usher"
"3977","using"
"3978","usual"
"3979","usurp"
"3980","usury"
"3981","uteri"
"3982","utter"
"3983","uvula"
"3984","vacua"
"3985","vaduz"
"3986","vague"
"3987","vales"
"3988","valet"
"3989","valid"
"3990","value"
"3991","valve"
"3992","vamps"
"3993","vaned"
"3994","vanes"
"3995","vapid"
"3996","vases"
"3997","vault"
"3998","veers"
"3999","vegan"
"4000","veils"
"4001","veins"
"4002","velar"
"4003","veldt"
"4004","velum"
"4005","venal"
"4006","vends"
"4007","venom"
"4008","vents"
"4009","venue"
"4010","venus"
"4011","verbs"
"4012","verge"
"4013","verse"
"4014","verve"
"4015","vests"
"4016","vexed"
"4017","vexes"
"4018","vials"
"4019","vibes"
"4020","vicar"
"4021","vices"
"4022","video"
"4023","views"
"4024","vigil"
"4025","viler"
"4026","villa"
"4027","vines"
"4028","vinyl"
"4029","viola"
"4030","viper"
"4031","viral"
"4032","virus"
"4033","visas"
"4034","visit"
"4035","visor"
"4036","vista"
"4037","vital"
"4038","vivid"
"4039","vixen"
"4040","vocal"
"4041","vodka"
"4042","vogue"
"4043","voice"
"4044","voids"
"4045","voile"
"4046","voles"
"4047","volga"
"4048","volts"
"4049","vomit"
"4050","voted"
"4051","voter"
"4052","votes"
"4053","vouch"
"4054","vowed"
"4055","vowel"
"4056","vulva"
"4057","vying"
"4058","wacky"
"4059","waded"
"4060","wader"
"4061","wades"
"4062","wadis"
"4063","wafer"
"4064","wafts"
"4065","waged"
"4066","wager"
"4067","wages"
"4068","wagon"
"4069","waifs"
"4070","wails"
"4071","waist"
"4072","waits"
"4073","waive"
"4074","waked"
"4075","waken"
"4076","wakes"
"4077","wales"
"4078","walks"
"4079","walls"
"4080","waltz"
"4081","wands"
"4082","waned"
"4083","wanes"
"4084","wanly"
"4085","wants"
"4086","wards"
"4087","wares"
"4088","warms"
"4089","warns"
"4090","warps"
"4091","warts"
"4092","warty"
"4093","washy"
"4094","wasps"
"4095","waste"
"4096","watch"
"4097","water"
"4098","watts"
"4099","waved"
"4100","waver"
"4101","waves"
"4102","waxed"
"4103","waxen"
"4104","waxes"
"4105","weans"
"4106","wears"
"4107","weary"
"4108","weave"
"4109","webby"
"4110","wedge"
"4111","weeds"
"4112","weedy"
"4113","weeks"
"4114","weeny"
"4115","weeps"
"4116","weepy"
"4117","weigh"
"4118","weird"
"4119","weirs"
"4120","welds"
"4121","wells"
"4122","welly"
"4123","welsh"
"4124","welts"
"4125","wench"
"4126","wends"
"4127","wetly"
"4128","whack"
"4129","whale"
"4130","wharf"
"4131","wheat"
"4132","wheel"
"4133","whelk"
"4134","whelp"
"4135","where"
"4136","which"
"4137","whiff"
"4138","while"
"4139","whims"
"4140","whine"
"4141","whips"
"4142","whirl"
"4143","whirr"
"4144","whisk"
"4145","whist"
"4146","white"
"4147","whizz"
"4148","whole"
"4149","whoop"
"4150","whore"
"4151","whose"
"4152","wicks"
"4153","widen"
"4154","wider"
"4155","wides"
"4156","widow"
"4157","width"
"4158","wield"
"4159","wilds"
"4160","wiles"
"4161","wills"
"4162","wilts"
"4163","wimpy"
"4164","wince"
"4165","winch"
"4166","winds"
"4167","windy"
"4168","wined"
"4169","wines"
"4170","wings"
"4171","winks"
"4172","wiped"
"4173","wiper"
"4174","wipes"
"4175","wired"
"4176","wirer"
"4177","wires"
"4178","wiser"
"4179","wisps"
"4180","wispy"
"4181","witch"
"4182","witty"
"4183","wives"
"4184","wodan"
"4185","wodge"
"4186","woken"
"4187","wolds"
"4188","woman"
"4189","wombs"
"4190","women"
"4191","woods"
"4192","woody"
"4193","wooed"
"4194","wooer"
"4195","wools"
"4196","wooly"
"4197","words"
"4198","wordy"
"4199","works"
"4200","world"
"4201","worms"
"4202","wormy"
"4203","worry"
"4204","worse"
"4205","worst"
"4206","worth"
"4207","would"
"4208","wound"
"4209","woven"
"4210","wowed"
"4211","wrack"
"4212","wraps"
"4213","wrath"
"4214","wreak"
"4215","wreck"
"4216","wrens"
"4217","wrest"
"4218","wring"
"4219","wrist"
"4220","write"
"4221","writs"
"4222","wrong"
"4223","wrote"
"4224","wrung"
"4225","wryly"
"4226","xenon"
"4227","xhosa"
"4228","xrays"
"4229","yacht"
"4230","yanks"
"4231","yards"
"4232","yarns"
"4233","yawed"
"4234","yawls"
"4235","yawns"
"4236","yearn"
"4237","years"
"4238","yeast"
"4239","yells"
"4240","yelps"
"4241","yemen"
"4242","yetis"
"4243","yield"
"4244","yodel"
"4245","yoked"
"4246","yokel"
"4247","yokes"
"4248","yolks"
"4249","young"
"4250","yours"
"4251","youth"
"4252","yukon"
"4253","yummy"
"4254","zaire"
"4255","zappy"
"4256","zeals"
"4257","zebra"
"4258","zebus"
"4259","zesty"
"4260","zippy"
"4261","zombi"
"4262","zonal"
"4263","zoned"
"4264","zones"
"4265","zooms"
"4266","zulus"
